ogfId;municipalType;municipalName;municipalAreaExtentType;municipalNamePrefix;municipalNameShortform;upperTierMunicipality;geometry
319585727;Lower Tier Municipality;CITY OF PICKERING;Water;CITY OF;PICKERING;REGIONAL MUNICIPALITY OF DURHAM;POLYGON ((-78.92430742831354 43.548364587676005, -79.03868428814746 43.81600062954121, -79.0450192901145 43.815303829127714, -79.05515549281074 43.809052127565685, -79.0598050941843 43.80774362712237, -79.0608088946445 43.80932622735352, -79.0611234944512 43.8059760267519, -79.06897779710988 43.80762462667923, -79.06978519722627 43.80600672635852, -79.06907679716659 43.80790922672458, -79.06465519567564 43.807047126777064, -79.06367009545518 43.808128227011814, -79.07006329757145 43.808924726857114, -79.07102049764347 43.80625502634517, -79.0712692981761 43.81141452723785, -79.08657140320277 43.81288222679019, -79.0969940062649 43.80976892576445, -79.10876720905044 43.79859512326386, -79.1154062108309 43.79468262227221, -79.00344005123046 43.52090297921865, -78.92430742831354 43.548364587676005))
319586298;Lower Tier Municipality;CITY OF OSHAWA;Water;CITY OF;OSHAWA;REGIONAL MUNICIPALITY OF DURHAM;POLYGON ((-78.79644201497787 43.86701684958665, -78.80756581877773 43.869668549543185, -78.81513082117311 43.86931044913466, -78.81844802217651 43.86861654886144, -78.8202238224374 43.86508164816073, -78.82556092406733 43.86414404775243, -78.83038342531555 43.86072694693308, -78.83150112542646 43.857892346385114, -78.84088502843512 43.85788494595473, -78.86966143699438 43.850243843298806, -78.88180814108871 43.85253414314403, -78.77584288535326 43.6009699037119, -78.69666526240337 43.628934512235816, -78.79644201497787 43.86701684958665))
