ogfId;municipalType;municipalName;municipalAreaExtentType;municipalNamePrefix;municipalNameShortform;upperTierMunicipality;geometry
319585723;Lower Tier Municipality;TOWN OF GODERICH;Water;TOWN OF;GODERICH;COUNTY OF HURON;MULTIPOLYGON (((-81.7312828362834 43.748799488379426, -81.73189323590779 43.74285298732561, -81.73399923651507 43.7422819871217, -81.73188613585026 43.74227348722623, -81.73175743480272 43.73171438541531, -81.72504063269633 43.73175858575963, -81.72489853300029 43.73541528639622, -81.72728973409885 43.739055686902894, -81.72674263451131 43.74518178798462, -81.72966403545172 43.745415087878264, -81.72380913357058 43.744984388097755, -81.7216291328318 43.74442198811025, -81.71732003168106 43.746555988693515, -81.73058093581838 43.746237887973834, -81.72790053509188 43.74745238831723, -81.7312828362834 43.748799488379426)), ((-81.72779943515394 43.748435688491526, -81.72717143499746 43.74886408859671, -81.73073833611627 43.74884128841388, -81.72794823519108 43.74833448846665, -81.72779943515394 43.748435688491526)))
319585837;Lower Tier Municipality;TOWN OF GODERICH;Islands;TOWN OF;GODERICH;COUNTY OF HURON;MULTIPOLYGON (((-81.73762803807244 43.74665168769155, -81.73392463708623 43.748512388197476, -81.73290893678742 43.74872598828519, -81.73395023709857 43.74855728820395, -81.73762803807244 43.74665168769155)), ((-81.73638173755012 43.7452823875185, -81.73655643761091 43.74534408752035, -81.73247693609083 43.742849087295646, -81.73449213684577 43.744123787413926, -81.73638173755012 43.7452823875185)))
