ogfId;municipalType;municipalName;municipalAreaExtentType;municipalNamePrefix;municipalNameShortform;upperTierMunicipality;geometry
319585720;Lower Tier Municipality;TOWN OF GODERICH;Mainland;TOWN OF;GODERICH;COUNTY OF HURON;POLYGON ((-81.68471292052935 43.73708578869703, -81.69728502527566 43.745423089502594, -81.69992492671112 43.75177459046343, -81.70284682788942 43.7544982907857, -81.71007183015655 43.754456390416294, -81.71452543126293 43.751379989663704, -81.723829833937 43.74875688874583, -81.73142493633165 43.74883698837871, -81.72790053509188 43.74745238831723, -81.73058093581838 43.746237887973834, -81.71732003168106 43.746555988693515, -81.7216291328318 43.74442198811025, -81.72380913357058 43.744984388097755, -81.72914423530159 43.74555368792819, -81.72966403545172 43.745415087878264, -81.72643033430084 43.744004187797636, -81.72728973409885 43.739055686902894, -81.72429933259173 43.73310498602859, -81.72564813268346 43.7296207853612, -81.72368303138018 43.72242398422051, -81.70602262583816 43.72250198511867, -81.70600022566184 43.720723784813494, -81.69549492236484 43.72077018534753, -81.69553582255847 43.72266898567251, -81.69102272114336 43.72270388590447, -81.69253122214306 43.72822528677988, -81.6916447216914 43.7264073865112, -81.6878074207613 43.72930628720255, -81.69165552221222 43.73184198744655, -81.68471292052935 43.73708578869703))
