ogfId;municipalType;municipalName;municipalAreaExtentType;municipalNamePrefix;municipalNameShortform;upperTierMunicipality;geometry
319586285;Lower Tier Municipality;CITY OF WELLAND;Mainland;CITY OF;WELLAND;REGIONAL MUNICIPALITY OF NIAGARA;POLYGON ((-79.169047563178 43.04156218644694, -79.17473786505725 43.04241758634248, -79.17991006628455 43.03748088522497, -79.18434586754874 43.0357631847168, -79.20099687324662 43.04063588483443, -79.20254497359774 43.038967984465934, -79.20350787321193 43.03075348295252, -79.20540967364731 43.02875188250816, -79.21698557730048 43.028488681936636, -79.22191197871341 43.026694581392285, -79.24465628594052 43.026777580375935, -79.24464158632404 43.03138358120065, -79.24969518793114 43.031418380977605, -79.24974858756285 43.026848080157556, -79.2803479972739 43.02683927876712, -79.28017249643064 43.01750157710464, -79.29066659975229 43.01740287661044, -79.29081709969793 43.01619277638714, -79.29049129541552 42.96656996751786, -79.28167039308426 42.97211786891178, -79.28134379064825 42.94435846395192, -79.24804238008707 42.944362965460805, -79.24238097649781 42.922957361877295, -79.22958687545598 42.9589503689114, -79.16712025568616 42.95957477184699, -79.16715375592699 42.96232417233857, -79.16866635640649 42.962317072268974, -79.16976386017907 43.00316567954048, -79.169047563178 43.04156218644694))
